Term	CK	Lpscw
Genetic Information Processing	0.000411066666666667	0.00263266666666667
Human Diseases	0.0020382	0.00226306666666667
Environmental Information Processing	0.00264653333333333	0.00806886666666667
Organismal Systems	0.0146188	0.0145382
Cellular Processes	0.0222252666666667	0.0195350666666667
Metabolism	0.95806	0.952962333333333
