Name,CK0d1,CK0d2,CK0d3,CK3d1,CK3d2,CK3d3,CK10d1,CK10d2,CK10d3,CK30d1,CK30d2,CK30d3,CK45d1,CK45d2,CK45d3,Lp0d1,Lp0d2,Lp0d3,Lp3d1,Lp3d2,Lp3d3,Lp10d1,Lp10d2,Lp10d3,Lp30d1,Lp30d2,Lp30d3,Lp45d1,Lp45d2,Lp45d3
Lactic_acid,3.881409947,3.501328375,2.914768279,4.754294872,5.197990487,4.338194109,7.404859406,6.871454842,4.971909962,6.335913373,6.700296907,7.814467263,5.664472914,5.591612645,6.179652136,3.654671913,3.732175843,3.539772132,4.69947502,4.787108705,4.839668369,4.96284866,5.104357028,5.037825287,6.80442997,7.125253501,6.925884299,5.404962142,5.820631415,5.820631415
Acetic_acid,0.775381203,0.475159412,0.355142778,0.392736346,0.468450236,0.363709454,1.021874134,0.537371777,0.576157472,0.906293319,1.455281397,1.262073745,1.519018575,1.470695869,1.558857777,0.524840588,0.498059329,0.657055725,0.495647352,0.442971999,0.534017189,0.616578874,0.530163571,0.611616302,1.509010258,1.030108123,1.440532298,0.970584974,1.606764624,1.606764624
Ethanol,4.626010582,3.831863661,2.370130437,4.645986485,5.432310674,4.797586827,5.996350556,4.448427596,4.167647418,4.883601949,5.0554925,5.737467042,4.304195987,4.371946428,4.78068414,6.172292165,3.666852922,3.706560268,4.691875186,4.710035098,4.926347588,4.443922541,4.499030889,4.990221586,5.170353944,5.405908956,5.203425937,4.134540502,4.217377639,4.217377639
Glucose,1.638622708,2.376512946,1.980065349,2.777002292,2.204916687,2.923713144,2.1947736,2.229027812,1.905749814,1.927197411,0.742066712,0.622842852,2.170368248,2.263282024,2.066304819,3.550106851,3.909388937,4.067729497,2.327980984,2.422009725,2.516332693,2.271024839,2.303064606,2.280378159,2.398471568,2.322808783,2.24054912,2.401491266,2.480607346,2.480607346
